,Opponent,Date,W/L,HRScore,OppScore,vader_compound
0,MIN,2021-10-20,L,106.0,124.0,0.19456993802596384
1,OKC,2021-10-22,W,124.0,91.0,0.12553979337921092
2,BOS,2021-10-24,L,97.0,107.0,0.3329798603461474
3,DAL,2021-10-26,L,106.0,116.0,-0.06001841839462895
4,UTA,2021-10-28,L,91.0,122.0,0.09415180323306355
5,LAL,2021-10-31,L,85.0,95.0,0.2773722089564743
6,LAL,2021-02-11,L,117.0,119.0,-0.0178881031179237
7,PHO,2021-04-11,L,111.0,123.0,-0.09728233727951317
11,POR,2021-12-11,L,92.0,104.0,0.14692116690743656
12,PHO,2021-11-14,L,89.0,115.0,0.13327276691972223
13,MEM,2021-11-15,L,102.0,136.0,-0.1458912259970458
14,OKC,2021-11-17,L,89.0,101.0,-0.16546750978357358
15,NYK,2021-11-20,L,99.0,106.0,-0.044335370495535556
16,BOS,2021-11-22,L,90.0,108.0,-0.23168103717422942
17,CHI,2021-11-24,W,118.0,113.0,-0.061073983493754695
18,CHO,2021-11-27,W,146.0,143.0,0.1443830402589698
19,OKC,2021-11-29,W,102.0,89.0,-0.06765886452549956
20,OKC,2021-01-12,W,114.0,110.0,-0.22005833132559147
21,ORL,2021-03-12,W,118.0,116.0,-0.022230148966531173
22,NOP,2021-05-12,W,118.0,108.0,0.15764396993635624
25,MEM,2021-11-12,L,106.0,113.0,0.09223063029964583
26,ATL,2021-12-13,W,132.0,126.0,0.17396661030085253
27,CLE,2021-12-15,L,89.0,124.0,0.17241784787854414
28,NYK,2021-12-16,L,103.0,116.0,0.04372527786696965
29,DET,2021-12-18,W,116.0,107.0,0.18199053921442035
30,CHI,2021-12-20,L,118.0,133.0,0.08677521608441324
31,MIL,2021-12-22,L,106.0,126.0,0.12012187257570844
32,IND,2021-12-23,L,106.0,118.0,0.07094404796391326
33,CHO,2021-12-27,L,99.0,123.0,0.10068238831150575
34,LAL,2021-12-28,L,123.0,132.0,0.12283929605473297
35,MIA,2021-12-31,L,110.0,120.0,0.17921149703910977
36,DEN,2022-01-01,L,111.0,124.0,0.4384482418201907
37,PHI,2022-03-01,L,113.0,133.0,0.1114093851869685
43,SAC,2022-01-14,L,114.0,126.0,0.1349375024608721
44,SAC,2022-01-16,W,118.0,112.0,-0.045144040103095216
45,UTA,2022-01-19,W,116.0,111.0,0.1001552008238929
46,GSW,2022-01-22,L,103.0,105.0,-0.32430753950834074
47,SAS,2022-01-25,L,104.0,134.0,0.1304069046339103
48,POR,2022-01-28,L,110.0,125.0,0.03312633857851937
49,GSW,2022-01-31,L,108.0,122.0,-0.22052350508520238
50,CLE,2022-02-02,W,115.0,104.0,-0.04492998673462261
51,SAS,2022-04-02,L,106.0,131.0,-0.059111608567679705
55,UTA,2022-02-14,L,101.0,135.0,-0.11254337321612265
56,PHO,2022-02-16,L,121.0,124.0,-0.4352314911059026
57,LAC,2022-02-17,L,111.0,142.0,-0.1482192316828124
58,ORL,2022-02-25,L,111.0,119.0,0.11356230212754598
59,LAC,2022-02-27,L,98.0,99.0,0.1304321942211196
60,LAC,2022-01-03,L,100.0,113.0,0.20146810818710165
61,UTA,2022-02-03,L,127.0,132.0,0.2161274200707082
62,DEN,2022-04-03,L,101.0,116.0,0.06966868847218088
67,NOP,2022-03-13,L,105.0,130.0,0.09181398266476651
68,PHO,2022-03-16,L,112.0,129.0,0.12218719214206224
69,IND,2022-03-18,L,118.0,121.0,0.1622596929138987
70,MEM,2022-03-20,L,98.0,122.0,-0.212136638678596
71,WAS,2022-03-21,W,115.0,97.0,0.12066008120881318
72,DAL,2022-03-23,L,91.0,110.0,0.11068384209370481
73,POR,2022-03-25,W,125.0,106.0,0.033146875310905516
74,POR,2022-03-26,W,115.0,98.0,0.3420445132743363
75,SAS,2022-03-28,L,120.0,123.0,0.025617112890862045
76,SAC,2022-03-30,L,118.0,121.0,0.0954365510186924
77,SAC,2022-01-04,L,117.0,122.0,0.0048937271548166504
78,MIN,2022-03-04,L,132.0,139.0,0.07368094410382822
80,POR,2020-12-26,L,126.0,128.0,0.3610264731188765
81,DEN,2020-12-28,L,111.0,124.0,-0.09601218281279736
82,SAC,2020-12-31,W,122.0,119.0,0.048528192472735286
83,SAC,2021-02-01,W,102.0,94.0,0.047164033679263764
84,DAL,2021-04-01,L,100.0,113.0,0.09212348305942457
88,LAL,2021-12-01,L,100.0,117.0,-0.062130867479627816
89,SAS,2021-01-14,W,109.0,105.0,0.07997703978863108
90,SAS,2021-01-16,L,91.0,103.0,0.023195928612002804
91,CHI,2021-01-18,L,120.0,125.0,0.07785949398589798
92,PHO,2021-01-20,L,103.0,109.0,0.3261550318373903
93,DET,2021-01-22,W,103.0,102.0,0.19552436261746475
94,DAL,2021-01-23,W,133.0,108.0,0.20184914608423485
95,WAS,2021-01-26,W,107.0,88.0,0.20689500211181042
96,POR,2021-01-28,W,104.0,101.0,0.2581120563863225
97,NOP,2021-01-30,W,126.0,112.0,0.2909466048349294
98,OKC,2021-01-02,W,136.0,106.0,0.3981685048658212
99,OKC,2021-03-02,L,87.0,104.0,0.0601411775068016
100,MEM,2021-04-02,W,115.0,103.0,0.23688851781921175
104,MIA,2021-11-02,L,94.0,101.0,0.09919105003680818
105,NYK,2021-02-13,L,99.0,121.0,-0.23663935255236127
106,WAS,2021-02-15,L,119.0,131.0,0.012203632094697372
107,PHI,2021-02-17,L,113.0,118.0,0.2774357694125059
108,CHI,2021-02-22,L,100.0,120.0,-0.057326871596434015
109,CLE,2021-02-24,L,96.0,112.0,0.12934098597201232
110,TOR,2021-02-26,L,111.0,122.0,-0.05163845283890442
111,MEM,2021-02-28,L,84.0,133.0,0.13441832388254402
112,CLE,2021-01-03,L,90.0,101.0,0.5661573385859517
113,BRK,2021-03-03,L,114.0,132.0,-0.05644154625099559
114,SAC,2021-11-03,L,105.0,125.0,0.23042741272942657
115,UTA,2021-12-03,L,99.0,114.0,-0.02971063874543792
116,BOS,2021-03-14,L,107.0,134.0,0.7009595293461073
117,ATL,2021-03-16,L,107.0,119.0,0.5819660143319632
118,GSW,2021-03-17,L,94.0,108.0,-0.035047744527374365
119,DET,2021-03-19,L,100.0,113.0,-0.10120539296929516
120,OKC,2021-03-21,L,112.0,114.0,-0.22119197823787215
121,TOR,2021-03-22,W,117.0,99.0,-0.03162378930622188
122,CHO,2021-03-24,L,97.0,122.0,0.23469125963740253
123,MIN,2021-03-26,L,101.0,107.0,0.21125703951392572
124,MIN,2021-03-27,W,129.0,107.0,0.25254477442434914
125,MEM,2021-03-29,L,110.0,120.0,0.3504289499774673
126,BRK,2021-03-31,L,108.0,120.0,0.12765943851288042
127,BOS,2021-02-04,L,102.0,118.0,0.19304015696533683
128,NOP,2021-04-04,L,115.0,122.0,0.3083924042409757
129,PHO,2021-05-04,L,130.0,133.0,0.3351253051154408
133,PHO,2021-12-04,L,120.0,126.0,0.08524880188780434
134,IND,2021-04-14,L,124.0,132.0,0.12180563414049386
135,DEN,2021-04-16,L,99.0,128.0,0.1959535007988035
136,ORL,2021-04-18,W,114.0,110.0,-0.09280393989827503
137,MIA,2021-04-19,L,91.0,113.0,-0.1403881618935646
138,UTA,2021-04-21,L,89.0,112.0,0.13057561928612374
139,LAC,2021-04-23,L,104.0,109.0,-0.536592615677715
140,DEN,2021-04-24,L,116.0,129.0,0.17187578646730228
141,MIN,2021-04-27,L,107.0,114.0,0.3349751861492827
142,MIL,2021-04-29,W,143.0,136.0,0.08437593174238256
143,GSW,2021-01-05,L,87.0,113.0,0.044817802826981556
144,NYK,2021-02-05,L,97.0,122.0,0.19898539008306929
145,PHI,2021-05-05,L,115.0,135.0,-0.10121305203719529
149,LAL,2021-12-05,L,122.0,124.0,0.14224700275223198
150,LAC,2021-05-14,W,122.0,115.0,0.2107381879617433
151,ATL,2021-05-16,L,95.0,124.0,0.4042743315508021
152,MIL,2019-10-24,L,111.0,117.0,0.16022937505306953
153,NOP,2019-10-26,W,126.0,123.0,-0.15424862181856583
154,OKC,2019-10-28,W,116.0,112.0,0.33744358942262553
155,WAS,2019-10-30,W,159.0,158.0,0.04384396918961762
156,BRK,2019-01-11,L,116.0,123.0,0.0
157,MIA,2019-03-11,L,100.0,129.0,0.10403029603998461
161,NOP,2019-11-11,W,122.0,116.0,-0.07335293290566369
162,LAC,2019-11-13,W,102.0,93.0,-0.05190808788340219
163,IND,2019-11-15,W,111.0,102.0,-0.05926846899896086
164,MIN,2019-11-16,W,125.0,105.0,0.0
165,POR,2019-11-18,W,132.0,108.0,0.1717849379402885
166,DEN,2019-11-20,L,95.0,105.0,0.4948082380717202
167,LAC,2019-11-22,L,119.0,122.0,-0.21401177669111657
168,DAL,2019-11-24,L,123.0,137.0,0.0
169,MIA,2019-11-27,W,117.0,108.0,0.027429144802947416
170,ATL,2019-11-30,W,158.0,111.0,-0.16737993983747138
175,CLE,2019-11-12,W,116.0,110.0,0.09978969357067381
176,ORL,2019-12-13,W,130.0,107.0,0.03996536644121191
177,DET,2019-12-14,L,107.0,115.0,0.7034474936637567
178,SAS,2019-12-16,W,109.0,107.0,0.42260922406129614
179,LAC,2019-12-19,W,122.0,117.0,-0.4671872635622281
180,PHO,2019-12-21,W,139.0,125.0,0.21682771684387242
181,SAC,2019-12-23,W,113.0,104.0,0.06818235927699737
182,GSW,2019-12-25,L,104.0,116.0,0.42637213885071135
183,BRK,2019-12-28,W,108.0,98.0,0.21364224070626392
184,NOP,2019-12-29,L,112.0,127.0,-0.10523580291712395
185,DEN,2019-12-31,W,130.0,104.0,0.43803801121372027
186,PHI,2020-03-01,W,118.0,108.0,0.6479898836286697
187,ATL,2020-08-01,W,122.0,115.0,-0.0438694933176678
190,MEM,2020-01-14,L,110.0,121.0,0.07530075203181137
191,POR,2020-01-15,L,107.0,117.0,-0.15007705206792082
192,LAL,2020-01-18,L,115.0,124.0,0.23736036830835114
193,OKC,2020-01-20,L,107.0,112.0,0.16587865525595444
194,DEN,2020-01-22,W,121.0,105.0,0.09995963807307001
195,MIN,2020-01-24,W,131.0,124.0,0.15909213672349518
196,DEN,2020-01-26,L,110.0,117.0,0.4058834028301936
197,UTA,2020-01-27,W,126.0,117.0,0.17504000623700958
198,POR,2020-01-29,L,112.0,125.0,0.12675734360715685
199,DAL,2020-01-31,W,128.0,121.0,0.26185198490969075
200,NOP,2020-02-02,W,117.0,109.0,0.2026545404880418
201,CHO,2020-04-02,W,125.0,110.0,0.03856334781835277
202,LAL,2020-06-02,W,121.0,111.0,0.2993227800744109
203,PHO,2020-07-02,L,91.0,127.0,0.7496014301903012
206,GSW,2020-02-20,W,135.0,105.0,-0.005689148093861731
207,UTA,2020-02-22,W,120.0,110.0,0.25008687540709035
208,NYK,2020-02-24,W,123.0,112.0,0.4991974562178157
209,MEM,2020-02-26,W,140.0,112.0,-0.026642179330676936
210,BOS,2020-02-29,W,111.0,110.0,0.3251696217042415
211,NYK,2020-02-03,L,123.0,125.0,0.19654249457752926
212,LAC,2020-05-03,L,105.0,120.0,-0.13807173310008747
213,CHO,2020-07-03,L,99.0,108.0,-0.17909358665749656
214,ORL,2020-08-03,L,106.0,126.0,0.2865994776441271
216,DAL,2020-07-31,W,153.0,149.0,0.23201657264426065
217,MIL,2020-02-08,W,120.0,116.0,0.2747658445007743
218,POR,2020-04-08,L,102.0,110.0,-0.052114750171115685
219,LAL,2020-06-08,W,113.0,97.0,0.07556781300624855
224,NOP,2018-10-17,L,112.0,131.0,0.45374273318872016
225,LAL,2018-10-20,W,124.0,115.0,0.4665391041893034
226,LAC,2018-10-21,L,112.0,115.0,0.43550910546968846
227,UTA,2018-10-24,L,89.0,100.0,0.2695185907046476
228,LAC,2018-10-26,L,113.0,133.0,0.5628579166666666
229,POR,2018-10-30,L,85.0,104.0,-0.2472500635324015
230,BRK,2018-11-02,W,119.0,111.0,-0.5888168613707165
231,CHI,2018-11-03,W,96.0,88.0,0.02942491064063789
232,IND,2018-11-05,W,98.0,94.0,0.0006383505154639175
233,OKC,2018-11-08,L,80.0,98.0,0.5141721407624633
235,IND,2018-11-11,W,115.0,103.0,0.7606518987341772
236,DEN,2018-11-13,W,109.0,99.0,0.06902349914236708
237,GSW,2018-11-15,W,107.0,86.0,0.653425078125
238,SAC,2018-11-17,W,132.0,112.0,-0.5908
239,DET,2018-11-21,W,126.0,124.0,0.5256377971646674
240,DET,2018-11-23,L,111.0,116.0,0.9443
241,CLE,2018-11-24,L,108.0,117.0,0.802
243,DAL,2018-11-28,L,108.0,128.0,0.42835591353149033
244,SAS,2018-11-30,W,136.0,105.0,-0.4598328571428571
245,CHI,2018-12-01,W,121.0,105.0,0.5551750246683478
247,UTA,2018-12-06,L,91.0,118.0,-0.5901631578947368
248,DAL,2018-12-08,L,104.0,107.0,0.0
249,POR,2018-12-11,W,111.0,104.0,0.011263891577928365
250,LAL,2018-12-13,W,126.0,111.0,-0.31966705539358603
251,MEM,2018-12-15,W,105.0,97.0,0.0
252,UTA,2018-12-17,W,102.0,97.0,0.4959323179791976
253,WAS,2018-12-19,W,136.0,118.0,0.6216822531900604
254,MIA,2018-12-20,L,99.0,101.0,0.2670807511737089
255,SAS,2018-12-22,W,108.0,101.0,-0.018166329787234044
256,OKC,2018-12-25,W,113.0,109.0,0.0
257,BOS,2018-12-27,W,127.0,113.0,0.0011419302514193025
259,MEM,2018-12-31,W,113.0,101.0,0.0
260,GSW,2019-01-03,W,135.0,134.0,-0.04847900599828621
261,POR,2019-01-05,L,101.0,110.0,0.9422
262,DEN,2019-01-07,W,125.0,113.0,0.5111161764705883
263,MIL,2019-01-09,L,109.0,116.0,-0.010683547925608012
264,CLE,2019-01-11,W,141.0,113.0,0.0
266,MEM,2019-01-14,W,112.0,94.0,-0.020132415902140672
267,BRK,2019-01-16,L,142.0,145.0,0.09151001642036125
268,LAL,2019-01-19,W,138.0,134.0,0.7779822804718217
269,PHI,2019-01-21,L,93.0,121.0,0.18129580650774316
270,NYK,2019-01-23,W,114.0,110.0,0.4404
271,TOR,2019-01-25,W,121.0,119.0,0.15407268433482027
273,NOP,2019-01-29,L,116.0,121.0,0.35439345437396835
274,DEN,2019-02-01,L,122.0,136.0,-0.42640743221485156
275,UTA,2019-02-02,W,125.0,98.0,-0.04914420642648491
277,SAC,2019-02-06,W,127.0,101.0,0.0
278,OKC,2019-02-09,L,112.0,117.0,0.47993953229398667
279,DAL,2019-02-11,W,120.0,104.0,0.5499655011013217
280,MIN,2019-02-13,L,111.0,121.0,0.8518104624007473
281,LAL,2019-02-21,L,106.0,111.0,0.0
282,GSW,2019-02-23,W,118.0,112.0,0.4181226425146511
283,ATL,2019-02-25,W,119.0,111.0,0.8195971561957357
284,CHO,2019-02-27,W,118.0,113.0,-0.6913742165605097
285,MIA,2019-02-28,W,121.0,118.0,-0.07757043235704324
286,BOS,2019-03-03,W,115.0,104.0,0.0953721123736244
288,PHI,2019-03-08,W,107.0,91.0,0.6028738655944859
289,DAL,2019-03-10,W,94.0,93.0,0.8498054799070077
290,CHO,2019-03-11,W,118.0,106.0,0.10403029603998461
291,GSW,2019-03-13,L,104.0,106.0,0.47706453661440756
292,PHO,2019-03-15,W,108.0,102.0,0.005812377850162867
293,MIN,2019-03-17,W,117.0,102.0,0.2590421281337048
294,ATL,2019-03-19,W,121.0,105.0,0.5550833830845772
295,MEM,2019-03-20,L,125.0,126.0,0.5699607422540007
296,SAS,2019-03-22,W,111.0,105.0,0.49417322229340177
297,NOP,2019-03-24,W,113.0,90.0,0.8321365454545455
298,MIL,2019-03-26,L,94.0,108.0,0.3208670217157955
299,DEN,2019-03-28,W,112.0,85.0,0.5367930901238777
300,SAC,2019-03-30,W,119.0,108.0,0.8398
301,SAC,2019-04-02,W,130.0,105.0,0.2759728853395663
302,LAC,2019-04-03,W,135.0,103.0,0.8291899096694724
303,NYK,2019-04-05,W,120.0,96.0,0.0
304,PHO,2019-04-07,W,149.0,113.0,0.8074
305,OKC,2019-04-09,L,111.0,112.0,0.5749420823244552
309,MEM,2017-10-23,L,90.0,98.0,-0.015207142857142855
310,PHI,2017-10-25,W,105.0,104.0,0.5541383611257829
311,CHO,2017-10-27,W,109.0,93.0,0.6364527320034692
312,MEM,2017-10-28,L,89.0,103.0,0.6851538904899136
313,PHI,2017-10-30,L,107.0,115.0,0.4563831630060414
314,NYK,2017-11-01,W,119.0,97.0,-0.49167113488819425
315,ATL,2017-11-03,W,119.0,104.0,-0.11175431309904156
316,UTA,2017-11-05,W,137.0,110.0,0.3397209139784947
317,CLE,2017-11-09,W,117.0,113.0,0.16848214285714286
318,MEM,2017-11-11,W,111.0,96.0,0.5090956521739131
319,IND,2017-11-12,W,118.0,95.0,0.5990888731909028
320,TOR,2017-11-14,L,113.0,129.0,-0.1071128805113206
321,PHO,2017-11-16,W,142.0,116.0,-0.3343834500318269
322,MEM,2017-11-18,W,105.0,83.0,0.0
323,DEN,2017-11-22,W,125.0,95.0,0.44880981818181825
324,NYK,2017-11-25,W,117.0,102.0,0.7280324131981885
325,BRK,2017-11-27,W,117.0,103.0,0.47672690341673396
326,IND,2017-11-29,W,118.0,97.0,0.0006772782750203423
327,LAL,2017-12-03,W,118.0,95.0,0.5916369230769231
328,UTA,2017-12-07,W,112.0,101.0,0.34
329,POR,2017-12-09,W,124.0,117.0,0.6007458904109589
330,NOP,2017-12-11,W,130.0,123.0,0.7206217391304347
331,CHO,2017-12-13,W,108.0,96.0,0.7179239623685667
332,SAS,2017-12-15,W,124.0,109.0,0.6062701444622793
334,UTA,2017-12-18,W,120.0,99.0,0.0
335,LAL,2017-12-20,L,116.0,122.0,-0.05432205357142857
336,LAC,2017-12-22,L,118.0,128.0,0.441438695329874
337,OKC,2017-12-25,L,107.0,112.0,0.4998128909382519
338,BOS,2017-12-28,L,98.0,99.0,0.8885469483568076
339,WAS,2017-12-29,L,103.0,121.0,0.0
340,LAL,2017-12-31,W,148.0,142.0,0.7906
341,ORL,2018-01-03,W,116.0,98.0,0.00933191489361702
342,GSW,2018-01-04,L,114.0,124.0,-0.4404
344,CHI,2018-01-08,W,116.0,107.0,0.9445357341490546
345,POR,2018-01-10,W,121.0,112.0,0.24769673913043477
346,PHO,2018-01-12,W,112.0,95.0,0.17709545454545456
347,LAC,2018-01-15,L,102.0,113.0,0.7055240742385224
348,MIN,2018-01-18,W,116.0,98.0,0.3688631382978723
349,GSW,2018-01-20,W,116.0,108.0,0.002151766520460822
351,DAL,2018-01-24,W,104.0,97.0,0.052926829831447704
352,NOP,2018-01-26,L,113.0,115.0,0.08836941309255078
353,PHO,2018-01-28,W,113.0,102.0,0.6034698540145985
354,ORL,2018-01-30,W,114.0,107.0,0.0026866632070576026
355,SAS,2018-02-01,W,102.0,91.0,0.021434736127609027
356,CLE,2018-02-03,W,120.0,88.0,-0.19667478834840008
357,BRK,2018-02-06,W,123.0,113.0,0.17413182316404824
358,MIA,2018-02-07,W,109.0,101.0,0.09024501016673445
359,DEN,2018-02-09,W,130.0,104.0,0.5292025011579434
360,DAL,2018-02-11,W,104.0,97.0,0.14182886961003263
361,MIN,2018-02-13,W,126.0,108.0,0.19724097454545456
362,SAC,2018-02-14,W,100.0,91.0,-0.32762327425373133
363,MIN,2018-02-23,W,120.0,102.0,0.0
364,DEN,2018-02-25,W,119.0,114.0,0.3228841048034935
365,UTA,2018-02-26,W,96.0,85.0,0.6007744347826086
366,LAC,2018-02-28,W,105.0,92.0,0.0648647759967119
367,BOS,2018-03-03,W,123.0,120.0,-0.29055215605749485
369,MIL,2018-03-07,W,110.0,99.0,-0.1604204379562044
370,TOR,2018-03-09,L,105.0,108.0,0.12662768647281922
371,DAL,2018-03-11,W,105.0,82.0,0.0
372,SAS,2018-03-12,W,109.0,93.0,0.34935985037406486
373,LAC,2018-03-15,W,101.0,96.0,0.47771489005736145
374,NOP,2018-03-17,W,107.0,101.0,0.26171703487564263
375,MIN,2018-03-18,W,129.0,120.0,0.802
376,POR,2018-03-20,W,115.0,111.0,-0.0003189725627553999
377,DET,2018-03-22,W,100.0,96.0,0.05872017697394011
378,NOP,2018-03-24,W,114.0,91.0,-0.036397864998921704
379,ATL,2018-03-25,W,118.0,99.0,0.5325194805194805
380,CHI,2018-03-27,W,118.0,86.0,0.25
381,PHO,2018-03-30,W,104.0,103.0,0.5817481345392876
382,SAS,2018-04-01,L,83.0,100.0,-0.10633446762226624
383,WAS,2018-04-03,W,120.0,104.0,-0.4318364485981309
384,POR,2018-04-05,W,96.0,94.0,0.04161730934018852
385,OKC,2018-04-07,L,102.0,108.0,0.6159056890012643
386,LAL,2018-04-10,W,105.0,99.0,0.47537152242216507
387,SAC,2018-04-11,L,83.0,96.0,0.2993867987804878
